Workbook

Sheet Attribution by Model
A1: Multi-Touch Attribution — Revenue Credit by Model
A2: Source: sql/02_attribution_models.sql, run against data/marketing.db (touchpoints table, 9,000 user journeys)
A4: Channel | B4: First Touch ($) | C4: Last Touch ($) | D4: Linear ($) | E4: Position-Based ($)
A5: Paid Search | B5: 51096.09 | C5: 62736.12 | D5: 56342.38 | E5: 53937.4
A6: Organic Search | B6: 51937.39 | C6: 53937.94 | D6: 53052.83 | E6: 50098.85
A7: Email | B7: 49361.55 | C7: 58628.74 | D7: 53042.87 | E7: 50587.53
A8: Referral | B8: 47975.99 | C8: 40305.7 | D8: 44997.33 | E8: 42079.49
A9: Paid Social | B9: 42873.18 | C9: 27635.7 | D9: 35808.79 | E9: 33640.48
A10: Total | B10: =SUM(B5:B9) -> 243244.2 | C10: =SUM(C5:C9) -> 243244.2 | D10: =SUM(D5:D9) -> 243244.2 | E10: =SUM(E5:E9) -> 230343.75
A13: Note: attribution model choice materially changes channel rank. Paid Social ranks 5th (last) under Last Touch but 2nd under First Touch — it plays an early-funnel assist role that last-touch credit erases entirely.

Sheet Current State
A1: 6-Month Spend vs. Linear-Attributed ROAS (Oct 2025 – Mar 2026)
A2: Source: sql/03_channel_roas.sql — total spend from channel_spend table, revenue from linear attribution model, both over the same 6-month window
A4: Channel | B4: 6-Month Spend ($) | C4: Linear Attributed Revenue ($) | D4: ROAS (Revenue / Spend)
A5: Paid Search | B5: 255101.91 | C5: 56342.38 | D5: =C5/B5 -> 0.22086224
A6: Paid Social | B6: 209141.63 | C6: 35808.79 | D6: =C6/B6 -> 0.1712179
A7: Organic Search | B7: 35491.02 | C7: 53052.83 | D7: =C7/B7 -> 1.494824
A8: Email | B8: 22847.2 | C8: 53042.87 | D8: =C8/B8 -> 2.3216355
A9: Referral | B9: 17678.57 | C9: 44997.33 | D9: =C9/B9 -> 2.5453037
A10: Total / Blended | B10: =SUM(B5:B9) -> 540260.33 | C10: =SUM(C5:C9) -> 243244.2 | D10: =C10/B10 -> 0.45023517

Sheet Budget What-If
A1: Budget Reallocation What-If Model
A2: Edit the yellow % Reallocation cells (column C). Total budget is held constant — reallocating from one channel funds another.
A4: Assumptions
A5: Diminishing-returns elasticity factor (applied when a channel's spend increases) | C5: 0.85
A8: Channel | B8: Current 6-Mo Spend ($) | C8: % Reallocation | D8: New Spend ($) | E8: Current ROAS | F8: Effective ROAS | G8: Projected Revenue ($) | H8: Revenue Δ vs. Current ($)
A9: Paid Search | B9: ='Current State'!B5 -> 255101.91 | C9: -0.1 | D9: =B9*(1+C9) -> 229591.72 | E9: ='Current State'!D5 -> 0.22086224 | F9: =IF(C9<=0,E9,E9*$C$5) -> 0.22086224 | G9: =D9*F9 -> 50708.142 | H9: =G9-('Current State'!C5) -> -5634.238
A10: Paid Social | B10: ='Current State'!B6 -> 209141.63 | C10: -0.1 | D10: =B10*(1+C10) -> 188227.47 | E10: ='Current State'!D6 -> 0.1712179 | F10: =IF(C10<=0,E10,E10*$C$5) -> 0.1712179 | G10: =D10*F10 -> 32227.911 | H10: =G10-('Current State'!C6) -> -3580.879
A11: Organic Search | B11: ='Current State'!B7 -> 35491.02 | C11: 0.611 | D11: =B11*(1+C11) -> 57176.033 | E11: ='Current State'!D7 -> 1.494824 | F11: =IF(C11<=0,E11,E11*$C$5) -> 1.2706004 | G11: =D11*F11 -> 72647.893 | H11: =G11-('Current State'!C7) -> 19595.063
A12: Email | B12: ='Current State'!B8 -> 22847.2 | C12: 0.611 | D12: =B12*(1+C12) -> 36806.839 | E12: ='Current State'!D8 -> 2.3216355 | F12: =IF(C12<=0,E12,E12*$C$5) -> 1.9733902 | G12: =D12*F12 -> 72634.254 | H12: =G12-('Current State'!C8) -> 19591.384
A13: Referral | B13: ='Current State'!B9 -> 17678.57 | C13: 0.611 | D13: =B13*(1+C13) -> 28480.176 | E13: ='Current State'!D9 -> 2.5453037 | F13: =IF(C13<=0,E13,E13*$C$5) -> 2.1635082 | G13: =D13*F13 -> 61617.094 | H13: =G13-('Current State'!C9) -> 16619.764
A14: Total | B14: =SUM(B9:B13) -> 540260.33 | D14: =SUM(D9:D13) -> 540282.23 | G14: =SUM(G9:G13) -> 289835.29 | H14: =SUM(H9:H13) -> 46591.094
A16: Budget-neutral check (New Total Spend − Current Total Spend): | D16: =D14-B14 -> 21.90469 | E16: =IF(ABS(D14-B14)>500,"⚠ Reallocation percentages do not net to ~0 — adjust column C","✓ Budget-neutral") -> ✓ Budget-neutral
A18: Net projected revenue impact of this reallocation: | D18: =H14 -> 46591.094

Sheet Instructions
A1: How to Use This Workbook
A3: This model translates the multi-touch attribution & ROAS findings from the SQL/Python
A4: analysis (see /notebook/analysis.ipynb) into an interactive budget-reallocation tool.
A6: Sheet guide:
A7: 1. Attribution by Model — how attributed revenue per channel changes across 4 models.
A8: 2. Current State — actual monthly spend and linear-attribution ROAS per channel today.
A9: 3. Budget What-If — EDIT the yellow % Reallocation cells to test a new budget mix.
A10: The model auto-checks that reallocation is budget-neutral (col E flag) and applies
A11: a diminishing-returns elasticity factor to channels receiving increased spend, since
A12: ROAS realistically declines as more money chases the same audience.
A14: Color legend:
A15: Blue text on yellow fill = editable input cell
... A20: budget-neutral reallocation (see the guardrail check on the What-If sheet).
